Query,Clicks,Impressions,Site CTR,Average Position
youtube merch,1045,7735,13.5%,1.9
jazzybum merch,778,1896,41.0%,1.2
youtube merchandise,505,2592,19.5%,1.3
google t shirt,415,1669,24.9%,1.0
google merchandise store,413,14998,2.8%,1.2
google hoodie,379,1100,34.5%,1.0
google apparel,270,422,64.0%,1.0
google stickers,250,1267,19.7%,1.3
youtube shop,201,1215,16.5%,1.8
youtube store,191,952,20.1%,1.4
google shirt,184,1105,16.7%,1.0
google tshirt,173,589,29.4%,1.0
google backpack,172,5923,2.9%,3.1
google merchandise,152,3226,4.7%,1.0
google socks,141,1195,11.8%,1.2
google chrome dinosaur collectible,137,295,46.4%,1.0
shop.googlemerchandisestore,136,215,63.3%,1.0
google shop,134,38029,0.4%,7.6
jazzybum merchandise,124,285,43.5%,1.0
google clothing,121,343,35.3%,1.0
google sweatshirt,107,375,28.5%,1.1
google water bottle,104,941,11.1%,1.0
google shopping return policy,91,316,28.8%,4.2
google t-shirt,85,419,20.3%,1.0
google sticker,85,593,14.3%,1.4
google bag,79,636,12.4%,1.0
google sunglasses,76,683,11.1%,1.2
google dinosaur,74,19242,0.4%,8.3
google mug,70,327,21.4%,1.0
chrome dino set,68,176,38.6%,3.4
google magnet,67,302,22.2%,1.0
google store shipping time,66,199,33.2%,1.0
google sale,64,1950,3.3%,4.1
google hat,63,1167,5.4%,2.2
google merch,62,1793,3.5%,1.0
google shirts,57,345,16.5%,1.0
google clothes,53,309,17.2%,1.0
/google+redesign/shop+by+brand/youtube,52,78,66.7%,1.0
google t shirts,50,216,23.1%,1.0
google hoodies,49,135,36.3%,1.0
google sweater,47,304,15.5%,1.1
android merchandise,47,102,46.1%,1.0
yt merch,47,340,13.8%,2.4
google store clothes,46,81,56.8%,1.0
youtube hoodie,45,1166,3.9%,4.3
google cloud certification perks webstore,45,70,64.3%,1.0
google electronics,45,1628,2.8%,3.1
google store mountain view,45,246,18.3%,4.2
merch youtube,44,2197,2.0%,4.6
youtube t shirt,42,1123,3.7%,3.6
google tシャツ,42,110,38.2%,1.5
google apparel store,42,80,52.5%,1.1
youtube jacket,41,304,13.5%,2.8
youtube shirt,41,616,6.7%,3.5
google merchandise india,39,80,48.8%,1.1
google pullover,36,194,18.6%,1.0
google bottle,35,175,20.0%,1.0
google store shipping,33,283,11.7%,2.8
구글 머천다이즈,33,49,67.3%,1.0
youtube clothing,33,209,15.8%,1.9
flamingo youtube merch,32,1518,2.1%,9.7
google clothing store,32,82,39.0%,1.0
android merch,31,54,57.4%,1.0
google cloud t shirt,31,130,23.8%,1.8
google store delivery time,31,117,26.5%,1.1
google cloud merchandise,31,77,40.3%,1.4
google store apparel,29,35,82.9%,1.0
android figure,29,380,7.6%,2.0
flamingo youtuber merchandise,29,785,3.7%,8.6
google color block notebook,28,59,47.5%,1.0
google store t shirt,28,65,43.1%,1.0
youtube hat,27,212,12.7%,1.3
youtuber merchandise shops,27,919,2.9%,4.2
google tshirts,27,134,20.1%,1.0
google accessories,26,2744,0.9%,8.2
flamingo merchandise youtube,26,726,3.6%,6.9
google bags,25,156,16.0%,1.0
google cloud winter swag,25,182,13.7%,2.8
google stickers for laptop,24,88,27.3%,1.3
google bike,23,1895,1.2%,3.5
youtube apparel,22,104,21.2%,1.0
apparel store,22,1409,1.6%,4.4
chrome dinosaur,22,6971,0.3%,9.0
hey google t shirt,22,89,24.7%,1.4
google t shirt free,21,201,10.4%,4.8
google cap,21,497,4.2%,2.4
dinosaur google,20,4019,0.5%,8.0
you tube merch,20,267,7.5%,1.1
boutique youtube,20,53,37.7%,2.2
android figurine,19,155,12.3%,2.7
youtube hoodie merch,19,81,23.5%,1.2
google gear,19,561,3.4%,10.7
google merch store,19,524,3.6%,1.0
youtube tshirt,19,314,6.1%,3.3
google cloud swag,18,97,18.6%,3.2
google pen,18,1755,1.0%,8.5
google umbrella,18,241,7.5%,3.2
flutter t shirt,18,97,18.6%,3.5
t shirt google,17,127,13.4%,1.0
google gift shop,17,156,10.9%,3.1
google campus bike tote navy,17,26,65.4%,1.0
google store return policy,17,3029,0.6%,6.3
stadia merch,16,31,51.6%,2.5
google youtube,16,4209,0.4%,13.6
google beanie,16,219,7.3%,2.1
youtube accessories,16,401,4.0%,5.1
google cloud stickers,16,76,21.1%,6.0
google utility backpack,16,64,25.0%,1.0
google cloud jacket,15,38,39.5%,1.2
google cloud water bottle,15,48,31.3%,1.0
google store login,15,472,3.2%,6.5
google merchandise store singapore,15,29,51.7%,1.0
google laptop stickers,15,49,30.6%,1.0
youtuber merchandise,14,1099,1.3%,8.9
google cloud gsi backpack,14,36,38.9%,1.0
flutter merchandise,14,47,29.8%,2.4
google hats,14,254,5.5%,1.0
android shop,14,1036,1.4%,6.7
구글머천다이즈,14,17,82.4%,1.0
youtube merchandise uk,14,125,11.2%,2.5
google tee,14,97,14.4%,1.0
google store clothing,13,22,59.1%,1.1
google developer t shirt,13,52,25.0%,1.8
google cloud backpack,13,42,31.0%,1.3
tshirt google,13,43,30.2%,1.0
google hoodie india,13,40,32.5%,1.1
you tube merchandise,13,70,18.6%,1.5
merchandise store,13,991,1.3%,2.3
shop youtube,13,105,12.4%,1.7
/google+redesign/apparel/mens/mens+t+shirts,13,19,68.4%,1.0
google t-shirts,13,96,13.5%,1.0
android t shirt,12,136,8.8%,3.2
youtube merch uk,12,145,8.3%,3.4
google clothes store,12,32,37.5%,1.6
how to get google t shirt,12,126,9.5%,3.7
youtube merchandise store,12,111,10.8%,1.1
chrome dino,12,4166,0.3%,11.4
jolly youtube merch,12,208,5.8%,7.8
youtube merch store,12,117,10.3%,2.1
google store shirt,12,16,75.0%,1.0
google swag,11,456,2.4%,1.5
youtuber merch,11,1661,0.7%,12.5
google マーチャンダイズストア,11,19,57.9%,1.0
구글머천다이즈스토어,11,15,73.3%,1.0
youtube t-shirt,11,223,4.9%,3.4
google cloud winter gear,11,104,10.6%,3.9
google coffee mug,11,115,9.6%,1.5
youtube gaming merch,11,38,28.9%,1.3
shop google,11,5889,0.2%,9.6
jazzybum hoodie,11,61,18.0%,2.1
buy google t shirt,11,20,55.0%,1.0
google cloud shirt,11,38,28.9%,1.1
google mugs,11,88,12.5%,1.0
flamingo merch youtube,10,769,1.3%,8.9
google backpacks,10,75,13.3%,1.0
shop by brand,10,362,2.8%,3.2
google cloud certification merchandise,10,26,38.5%,1.0
google tote bag,10,58,17.2%,1.0
flutter shirt,10,80,12.5%,4.4
google store shipping speed,10,35,28.6%,2.3
google kickball,10,43,23.3%,2.7
google merchandise store india,10,54,18.5%,1.9
googlemerchandisestore,10,678,1.5%,1.0
google cloud tshirt,10,34,29.4%,2.1
youtube sweatshirt,10,314,3.2%,5.8
tensorflow tshirt,9,44,20.5%,3.1
how long does google take to ship,9,70,12.9%,2.3
google shipping time,9,47,19.1%,1.1
thermal bottle,9,2302,0.4%,9.2
google merchandise store dublin,9,24,37.5%,2.2
google cloth,9,53,17.0%,1.0
google cloud goodies,9,28,32.1%,3.0
flutter tshirt,9,72,12.5%,5.4
yourube merch,9,83,10.8%,1.7
google jumper,9,159,5.7%,2.0
g_enabled_idps,9,125,7.2%,2.9
youtube cap,9,116,7.8%,3.5
google+redesign/shop+by+brand/youtube,9,12,75.0%,1.0
youtube sticker,9,493,1.8%,7.8
merchandise youtube,9,155,5.8%,3.3
tensorflow shirt,9,34,26.5%,3.5
google tee shirt,9,46,19.6%,1.0
google store tshirt,9,20,45.0%,1.0
google scarf,9,33,27.3%,1.0
tee shirt google,8,31,25.8%,1.0
google campus bike,8,39,20.5%,1.1
google shopping login,8,1155,0.7%,8.8
google store stickers,8,19,42.1%,2.1
stickers google,8,102,7.8%,3.9
google thermal bottle,8,20,40.0%,1.0
merch stores for youtubers,8,261,3.1%,8.3
google t shirt india,8,42,19.0%,1.1
google logo jacket,8,22,36.4%,1.0
google stationary,8,78,10.3%,2.9
google socken,8,31,25.8%,1.0
google t,8,67973,0.0%,7.2
google baby clothes,8,29,27.6%,1.0
google store t shirts,8,12,66.7%,1.0
google logo t shirt,8,35,22.9%,1.0
google tees,8,27,29.6%,1.0
google official t shirt,7,22,31.8%,1.1
youtube clothes,7,136,5.1%,4.4
youtubeshop,7,71,9.9%,3.8
timbuk2 flip pack google,7,37,18.9%,3.3
google store shirts,7,14,50.0%,1.0
youtuber merch stores,7,181,3.9%,4.9
flamingo youtube merchandise,7,254,2.8%,8.3
google trui,7,30,23.3%,1.0
youtube merchandise india,7,25,28.0%,2.0
google cloud t-shirt,7,24,29.2%,2.3
android toy,7,393,1.8%,7.5
a really cool google t-shirt,7,24,29.2%,1.0
google polo shirt,7,41,17.1%,1.3
you tube shop,7,41,17.1%,1.9
google store sign in,7,120,5.8%,7.0
google pulli,7,37,18.9%,1.0
youtuber merch shop,7,246,2.8%,6.1
indian youtuber merchandise,7,39,17.9%,4.2
t-shirt google,7,68,10.3%,1.1
google store delivery,7,102,6.9%,5.7
google polo,7,143,4.9%,5.0
gcp t shirt,7,40,17.5%,2.8
google merchandising store,7,310,2.3%,1.0
google clearance,7,45,15.6%,1.0
youtube flamingo merch,7,305,2.3%,8.0
google keychain,7,752,0.9%,5.9
android hoodie,6,35,17.1%,1.2
google pens,6,222,2.7%,1.7
google hoody,6,24,25.0%,1.3
google sock,6,91,6.6%,1.0
google シャツ,6,24,25.0%,1.0
youtube goods,6,23,26.1%,3.6
google store backpack,6,7,85.7%,1.0
google rucksack,6,33,18.2%,1.4
gopher google merchandise store,6,36,16.7%,2.0
google store mountain view ca,6,41,14.6%,11.1
android product store,6,100,6.0%,2.9
гугл мерч,6,45,13.3%,3.0
google stationery,6,35,17.1%,1.5
phone stand,6,1805,0.3%,19.1
google android figurine,6,21,28.6%,1.6
android figures,6,79,7.6%,3.4
apparel shop,6,607,1.0%,6.1
google goods,6,121,5.0%,2.3
google merchandise store uk,6,57,10.5%,1.0
youtube merch stores,6,41,14.6%,1.5
google jackets,6,116,5.2%,5.3
merchandise google,6,202,3.0%,1.0
google shirts online,6,27,22.2%,1.2
how long does it take for google store to ship,6,17,35.3%,1.0
/google+redesign/apparel/mens,6,11,54.5%,1.0
google t shirt store,6,9,66.7%,1.0
flutter merch,6,16,37.5%,2.6
tensorflow t shirt india,6,25,24.0%,2.2
koszulka google,6,51,11.8%,3.0
how long does google shipping take,6,28,21.4%,1.0
backpack google,6,99,6.1%,2.7
google laptop bag,6,28,21.4%,1.8
google certification swag,5,11,45.5%,1.0
youtube sweatshirt merch,5,56,8.9%,1.4
youtube t shirts,5,88,5.7%,5.5
google store expedited shipping,5,22,22.7%,2.6
google local guide t shirt,5,68,7.4%,7.4
youtube merchandise shop,5,41,12.2%,2.5
youtuber shop,5,249,2.0%,9.3
googleplex store,5,80,6.3%,3.3
youtube black sweatshirt,5,22,22.7%,1.2
shop google store,5,400,1.3%,8.9
google free t shirt,5,31,16.1%,6.5
maze pen,5,243,2.1%,2.4
google laptop sticker,5,15,33.3%,1.1
google store delivery time uk,5,43,11.6%,2.8
google mouse pad,5,24,20.8%,1.0
google onesie,5,43,11.6%,1.0
google store order history,5,554,0.9%,6.1
kids merchandise,5,92,5.4%,1.5
joogie merch,5,89,5.6%,3.6
youtube shopping,5,290,1.7%,7.6
android shirt,5,71,7.0%,3.5
merchandise,5,4892,0.1%,18.9
timbuk2 google backpack,5,19,26.3%,3.5
black tee,5,3384,0.1%,3.5
google canteen bottle black,5,14,35.7%,1.4
google zip hoodie black,5,18,27.8%,1.0
google shipping,5,1178,0.4%,6.1
warm gear,5,458,1.1%,10.7
google sticker store,5,20,25.0%,1.5
gcp t-shirt,5,68,7.4%,3.0
google pouch,5,55,9.1%,1.6
apparels store,5,206,2.4%,4.2
google sweaters,5,25,20.0%,1.0
google ink pen,5,22,22.7%,1.0
google store merchandise,5,158,3.2%,1.1
yt merchandise,5,20,25.0%,1.0
gcp tshirt,5,21,23.8%,3.0
royalty family youtube merch,5,136,3.7%,9.6
you tube t shirt,5,31,16.1%,3.8
flamingo youtuber merch,5,178,2.8%,9.8
google magnets,5,30,16.7%,1.2
google glass bottle,5,31,16.1%,1.0
youtube official merchandise,5,10,50.0%,1.0
google bike for sale,5,29,17.2%,2.9
google android toy,5,14,35.7%,2.4
google logo hoodie,5,39,12.8%,1.1
google back pack,5,130,3.8%,3.1
google cloud hoodie,5,28,17.9%,1.5
gray still plays merch,5,38,13.2%,7.0
how long does google store take to deliver,5,16,31.3%,1.0
you tube hoodie,5,50,10.0%,7.8
google t shirt design,5,71,7.0%,1.6
google store order tracking,5,398,1.3%,5.9
google cup,5,157,3.2%,2.5
youtube merchandising,5,57,8.8%,3.8
hoodie google,5,81,6.2%,1.5
where does google ship from,5,38,13.2%,3.8
google pullover hoodie,5,10,50.0%,1.0
youtube merchandise australia,5,39,12.8%,1.0
you tube hat,4,11,36.4%,1.1
play store youtube,4,508,0.8%,9.4
dpei google,4,62,6.5%,4.7
laser beam merchandise,4,248,1.6%,9.3
google cloud platform t shirt,4,26,15.4%,4.2
how long does it take google to ship,4,16,25.0%,1.3
that youtube family merch,4,668,0.6%,9.8
google delivery,4,88,4.5%,12.4
shirt google,4,38,10.5%,1.0
youtube items,4,55,7.3%,3.9
google store return shipping,4,97,4.1%,6.1
google shirt store,4,11,36.4%,1.0
gcp swag,4,19,21.1%,5.2
google return policy,4,958,0.4%,7.6
google company store,4,82,4.9%,1.8
android toy store,4,52,7.7%,2.9
youtube merch hoodies,4,444,0.9%,8.3
youtubes merch,4,39,10.3%,1.0
google tシャツ 通販,4,15,26.7%,2.4
tensorflow t shirt,4,67,6.0%,4.2
google tumbler,4,13,30.8%,1.0
shop.google merchandise store,4,144,2.8%,1.0
google travel mug,4,14,28.6%,1.0
グーグルマーチャンダイズストア,4,9,44.4%,1.0
google phone stand,4,73,5.5%,3.5
magnetic google,4,33,12.1%,1.5
youtube hats,4,44,9.1%,7.0
youtube sweatshirts,4,41,9.8%,5.9
youtube mug,4,133,3.0%,1.3
google store shipping address,4,36,11.1%,4.8
youtube creator merch,4,22,18.2%,8.5
google tişört,4,31,12.9%,5.4
google printed t shirts,4,27,14.8%,1.2
android clothing,4,48,8.3%,2.4
google tahirt,4,6,66.7%,1.0
google pixel delivery time,4,33,12.1%,1.8
youtubestore,4,34,11.8%,4.4
google chrome dinosaur,4,681,0.6%,8.1
google mousepad,4,24,16.7%,1.1
noogler android figure,4,13,30.8%,1.0
sticker google,4,150,2.7%,3.1
youtub merch,4,14,28.6%,1.5
graystillplays merch,4,118,3.4%,5.4
google merchandise uk,4,42,9.5%,1.0
google crewneck,4,5,80.0%,1.0
merchandise shop,4,384,1.0%,13.1
where to buy android figures,4,69,5.8%,7.8
maglia google,4,15,26.7%,1.0
google yoyo,4,51,7.8%,3.9
youtube or's merch,4,71,5.6%,1.7
xpertthief merch,4,635,0.6%,8.3
water bottle google,4,10,40.0%,1.0
maglietta google,4,24,16.7%,1.9
구글 머천다이즈 스토어,4,10,40.0%,1.0
flutter t-shirt,4,35,11.4%,3.7
google pixel shipping time,4,13,30.8%,1.1
googleマーチャンダイズストア,4,8,50.0%,1.0
merchandising youtube,4,65,6.2%,7.2
google sweatshirts,4,30,13.3%,1.1
google cloud sticker,4,32,12.5%,6.6
polo google,3,60,5.0%,3.8
dvg merchandise,3,48,6.3%,8.3
merchandise for kids,3,33,9.1%,2.3
google bookbag,3,23,13.0%,1.0
google developers t shirt,3,14,21.4%,2.6
how long does google store take to ship,3,6,50.0%,1.0
youtube boutique,3,37,8.1%,6.3
youtube gaming hoodie,3,71,4.2%,4.8
dpei tracking,3,70,4.3%,5.6
google tote,3,12,25.0%,1.0
store youtube,3,83,3.6%,6.3
google paper notebook,3,6,50.0%,1.0
flutter t shirt free,3,17,17.6%,4.2
google merchandise store history,3,21,14.3%,4.7
google brand store,3,24,12.5%,1.0
track google store order,3,82,3.7%,5.7
google cloud merch,3,7,42.9%,2.0
youtube google,3,1133,0.3%,19.5
android apparel,3,9,33.3%,1.0
hoodie merchandise,3,101,3.0%,8.2
google decal,3,27,11.1%,1.0
tumbler store,3,84,3.6%,5.7
youtuber flamingo merch,3,224,1.3%,10.0
tote bag google,3,21,14.3%,1.0
google magnetic,3,36,8.3%,1.8
google crew,3,38,7.9%,6.6
google store returns,3,746,0.4%,7.3
google lapel pin,3,16,18.8%,4.9
google cloths,3,10,30.0%,1.0
mouse pad,3,1672,0.2%,44.5
get google t shirt,3,15,20.0%,3.5
jutjub shop,3,142,2.1%,7.5
google logo shirt,3,15,20.0%,1.0
google fi shipping time,3,94,3.2%,7.3
google logo sticker,3,63,4.8%,4.7
google employee t shirt,3,7,42.9%,1.4
google men,3,68,4.4%,7.0
google developer tshirt,3,15,20.0%,2.3
google t shirt india online,3,10,30.0%,1.2
google phone sticker,3,8,37.5%,1.1
pixelbook return policy,3,11,27.3%,2.7
clothing merchandise,3,202,1.5%,6.6
t shirt youtube,3,152,2.0%,6.8
youtube socks,3,92,3.3%,3.4
nest return policy,3,106,2.8%,11.7
cyrus youtube merch,3,39,7.7%,6.0
android t-shirt,3,47,6.4%,2.8
shop apparel,3,99,3.0%,3.9
youtube water bottle,3,34,8.8%,6.8
firebase shirt,3,16,18.8%,5.0
gcp hoodie,3,21,14.3%,3.4
android t shirts,3,17,17.6%,2.5
hey google tshirt,3,21,14.3%,1.0
google developer t shirt india,3,11,27.3%,3.6
google merchandise store台灣,3,26,11.5%,4.7
yt shop,3,116,2.6%,4.0
g_enabled_idps=google,3,12,25.0%,1.3
youtube t shirt black,3,32,9.4%,2.6
timbuk2 google,3,13,23.1%,5.4
google official merchandise store,3,100,3.0%,1.0
youtube stickers,3,304,1.0%,11.2
google cloud certification hoodie,3,14,21.4%,2.1
jolly youtube merchandise,3,30,10.0%,5.1
flamingo yt merch,3,264,1.1%,9.4
youtube shirts,3,233,1.3%,6.6
google cloud swag store,3,27,11.1%,1.0
youtube tee shirt,3,29,10.3%,5.2
google ballpoint pen,3,8,37.5%,1.5
mug google,3,35,8.6%,1.0
google pixel shirt,3,12,25.0%,1.0
google maps t shirt,3,23,13.0%,4.3
fanatics store,3,31,9.7%,97.0
free google shirt,3,65,4.6%,4.7
black google shirt,3,8,37.5%,1.0
google merchandise store france,3,20,15.0%,2.0
android clothes,3,20,15.0%,3.3
android figure toy,3,33,9.1%,4.0
google pixel shipping speed,2,43,4.7%,4.2
tee white,2,215,0.9%,2.7
clothes google,2,11,18.2%,1.0
hey google t-shirt,2,31,6.5%,1.0
google campus store,2,42,4.8%,2.4
merchandise clothing,2,159,1.3%,8.1
google io t shirt,2,8,25.0%,1.9
kids youtube shirt,2,25,8.0%,4.4
you tube store,2,30,6.7%,2.4
socks merchandise,2,41,4.9%,6.2
google android figures,2,15,13.3%,1.3
merchandising google,2,127,1.6%,1.0
google store delivery times,2,5,40.0%,1.0
chrome dinosaur figure,2,7,28.6%,2.3
google phone return policy,2,173,1.2%,7.1
how to get google tshirt,2,20,10.0%,4.7
shop on youtube,2,24,8.3%,2.8
wallet stand,2,59,3.4%,9.6
google shopping sign in,2,29,6.9%,5.4
youtube webshop,2,11,18.2%,2.3
kids youtube merch,2,45,4.4%,5.0
cloud merchandise,2,19,10.5%,4.1
does world market ship to canada,2,175,1.1%,8.8
google logo tshirt,2,8,25.0%,1.0
youtube logo merch,2,13,15.4%,2.2
how to get google developer t shirt,2,63,3.2%,8.7
google shop store,2,27,7.4%,7.4
for sale google,2,20,10.0%,8.5
google t shirts india,2,7,28.6%,1.0
google logo sunglasses,2,16,12.5%,1.7
googleshop,2,601,0.3%,9.0
free gcp t-shirt,2,20,10.0%,5.4
merchandise store google,2,166,1.2%,1.2
google shopping returns,2,537,0.4%,11.2
google fi delivery time,2,40,5.0%,6.3
google merchendise store,2,68,2.9%,1.1
google merchanise store,2,19,10.5%,1.0
google merchandise store mountain view ca,2,8,25.0%,3.3
morebags,2,13,15.4%,1.3
google bike price,2,63,3.2%,9.9
dvg merch,2,415,0.5%,10.0
android puzzlebot,2,29,6.9%,4.1
shop google merchandise store,2,44,4.5%,1.0
dvg family merch,2,43,4.7%,10.4
youtube merch shop,2,31,6.5%,4.5
cyrus merch youtube,2,57,3.5%,6.7
official youtube merchandise,2,9,22.2%,1.0
site:shop.googlemerchandisestore.com,2,150,1.3%,1.0
how to get youtube t shirt free,2,45,4.4%,5.6
android figure collection,2,11,18.2%,2.0
official google merchandise,2,15,13.3%,1.1
google pen price,2,34,5.9%,6.7
google merchadise store,2,38,5.3%,1.0
youtube t shirt free,2,57,3.5%,5.2
google shop return policy,2,16,12.5%,5.3
buy google merchandise,2,10,20.0%,1.0
youtube logo t shirt,2,58,3.4%,6.0
google marchandise store,2,81,2.5%,1.0
pullover hoodie,2,166,1.2%,83.1
youtube hoodies,2,188,1.1%,6.2
that youtube family merchandise,2,60,3.3%,6.9
yotube merch,2,19,10.5%,1.4
google io t shirt 2019,2,12,16.7%,6.9
https://shop.googlemerchandisestore.com,2,4,50.0%,1.0
google dinosuar,2,404,0.5%,8.6
how long does google fi take to ship,2,22,9.1%,4.1
youtuber merch india,2,11,18.2%,7.2
sweatshirt merchandise,2,32,6.3%,11.4
how to get google stickers,2,16,12.5%,8.5
hyper youtuber merch,2,69,2.9%,8.3
google snapback,2,7,28.6%,1.0
youtube pelo hat,2,13,15.4%,6.5
chrome dinosuar,2,154,1.3%,9.9
google f,2,1174,0.2%,15.4
google dinosour,2,565,0.4%,8.5
chrome://dino,2,1881,0.1%,10.5
apparel stores,2,164,1.2%,8.9
google merchandice,2,8,25.0%,1.0
google shop merchandise,2,34,5.9%,1.0
albert flamingo merchandise,2,62,3.2%,11.5
merch shop youtuber,2,123,1.6%,6.3
chrome dinosour,2,261,0.8%,9.5
youtuber merch uk,2,80,2.5%,6.5
youtube clothing brands,2,50,4.0%,3.7
google youth,2,38,5.3%,5.0
royalty family merch youtube,2,70,2.9%,7.5
google store international shipping,2,67,3.0%,6.7
socksfor1 merch,2,94,2.1%,7.7
youtube black merch,2,7,28.6%,1.0
merchandise kids,2,13,15.4%,1.5
google sunglass,2,78,2.6%,1.6
chrome dino figure,2,11,18.2%,2.4
youtuber store,2,32,6.3%,6.2
rslash merch,2,121,1.7%,5.7
google store.com,2,596,0.3%,7.0
you tube tshirt,2,28,7.1%,3.6
google certification perks,2,8,25.0%,2.1
firebase t shirt,2,10,20.0%,2.1
youtbe merch,2,17,11.8%,2.0
black hoodie unisex,2,14,14.3%,12.4
google flutter t shirt,2,25,8.0%,1.6
electronic accessories store,2,41,4.9%,20.5
google branded merchandise,2,20,10.0%,1.0
google store accessories,2,124,1.6%,5.7
youtuber jackets,2,19,10.5%,3.2
google laptop sleeve,2,10,20.0%,1.2
me youtube merch,2,70,2.9%,4.8
golang merch,2,68,2.9%,9.3
marko youtube merch,2,116,1.7%,10.2
clothing store,2,26998,0.0%,40.6
magnet google,2,36,5.6%,1.0
puzzlebot,2,72,2.8%,7.0
google confetti,2,111,1.8%,3.9
google maps shirt,2,12,16.7%,4.6
google merchendise,2,67,3.0%,1.0
google coffee cup,2,36,5.6%,2.3
youtube tv shirt,2,24,8.3%,2.3
google notebooks,2,313,0.6%,7.4
tensorflow t-shirt,2,22,9.1%,4.4
youtube varsity jacket,2,27,7.4%,7.2
google vest,2,43,4.7%,3.9
google logo water bottle,2,10,20.0%,1.0
google merchandise indonesia,2,17,11.8%,3.2
google store palo alto,2,18,11.1%,4.9
google lifestyle,2,136,1.5%,7.6
sunglass google,2,21,9.5%,2.0
youtube creator store,2,25,8.0%,8.3
local guide t shirt,2,24,8.3%,7.3
google messenger bag,2,13,15.4%,1.0
google goods store,2,25,8.0%,1.6
android tshirt,2,29,6.9%,3.7
what is google merchandise store,2,56,3.6%,3.5
custom youtube hoodie,2,54,3.7%,8.1
that youtube family merch website,2,91,2.2%,9.1
google t shirt printing,2,13,15.4%,7.4
google tee shirts,2,28,7.1%,1.0
youtube mearch,2,30,6.7%,1.9
merchandise tracking,2,25,8.0%,1.5
bugdroid toy,2,7,28.6%,9.9
store apparel,2,24,8.3%,2.3
google stylus pen,2,69,2.9%,7.7
google clothes shopping,2,20,10.0%,1.1
google bagpack,2,5,40.0%,1.0
sale google,2,151,1.3%,1.9
adley merchandise,2,29,6.9%,7.0
hat merchandise,2,29,6.9%,4.0
google light pen yellow,2,3,66.7%,1.0
google sherpa zip hoodie charcoal,2,3,66.7%,1.0
youtube gaming shirt,2,21,9.5%,1.5
google cloud bag,2,34,5.9%,2.6
google f/c longsleeve charcoal,2,6,33.3%,1.0
google bottles,2,11,18.2%,1.0
buy google tshirt,2,4,50.0%,1.0
youtubers shop,2,22,9.1%,5.3
google relaxed fit hat navy,2,16,12.5%,1.0
google store shipping delay,2,36,5.6%,6.4
google mechandise,2,14,14.3%,1.0
google stikers,2,8,25.0%,1.5
google.youtube,2,115,1.7%,10.0
hey google shirt,2,27,7.4%,1.0
reacticorns merch store,2,31,6.5%,6.1
youtube black t shirt,2,13,15.4%,3.2
stylus pen with led light,2,19,10.5%,4.2
kubernetes merchandise,2,53,3.8%,6.3
youtube stor,2,26,7.7%,5.2
the royalty family youtube merch,2,23,8.7%,8.8
l8games merch,2,10,20.0%,3.2
google certified store,2,21,9.5%,3.1
android figurines,2,38,5.3%,5.6
chrome dinosoar,1,23,4.3%,9.5
google bike mini backpack,1,1,100.0%,1.0
google souvenir shop,1,29,3.4%,2.1
custom youtube merch,1,21,4.8%,9.8
who does google ship with,1,11,9.1%,3.3
apparel for babies,1,6,16.7%,14.5
google return policy canada,1,78,1.3%,6.6
dvg fam hoodie,1,13,7.7%,10.7
google gcp certification,1,11,9.1%,32.3
tripolar merchandise,1,21,4.8%,7.0
youtuber shops,1,49,2.0%,9.2
chrome//dino,1,1477,0.1%,11.0
hyper merch store,1,31,3.2%,10.4
sweatshirt google,1,10,10.0%,1.8
black zipper hoodie,1,124,0.8%,6.3
यूट्यूब स्टोर,1,21,4.8%,8.7
youtube gear,1,299,0.3%,8.5
google/shop,1,19,5.3%,8.6
polo g merch,1,139,0.7%,11.5
merchandise t shirts,1,106,0.9%,11.2
shop on google,1,212,0.5%,11.0
googlesale,1,2,50.0%,6.5
youtube kids shirt,1,13,7.7%,3.2
google sxsrf,1,17,5.9%,2.2
google merchadise,1,26,3.8%,1.0
qkids merchandise,1,30,3.3%,6.1
google store item not delivered,1,15,6.7%,5.7
google led,1,73,1.4%,8.6
google it t shirt,1,30,3.3%,1.5
laser beam youtuber,1,30,3.3%,11.3
noogler,1,186,0.5%,14.7
google visitor center store,1,17,5.9%,3.8
enjoy mug,1,1,100.0%,13.0
google menswear,1,29,3.4%,1.7
youtube red india,1,46,2.2%,34.1
white youtube hoodie,1,25,4.0%,1.0
google shope,1,70,1.4%,7.9
youtube gaming jacke,1,7,14.3%,3.7
track my order google store,1,22,4.5%,6.5
متجر يوتيوب,1,8,12.5%,8.3
dinosaur merchandise,1,51,2.0%,14.8
hoodies youtube,1,34,2.9%,7.1
google google youtube,1,73,1.4%,12.8
sock store,1,188,0.5%,41.3
red yutube,1,4,25.0%,16.0
t shirts store,1,44,2.3%,28.2
google mens,1,123,0.8%,1.0
google merchandize store,1,37,2.7%,1.0
googleplex merchandise store,1,4,25.0%,3.0
googleplex gift shop,1,15,6.7%,3.8
shop android,1,96,1.0%,6.1
google merchandising,1,132,0.8%,1.0
google return,1,193,0.5%,8.3
google stand,1,94,1.1%,21.7
t shirts online shop,1,14,7.1%,59.3
google notebook paper,1,49,2.0%,2.6
merchandise. com,1,15,6.7%,2.9
yuotube.com ph,1,23,4.3%,10.5
tshirt store,1,226,0.4%,23.8
youtube logo hoodie,1,29,3.4%,4.1
google shipment tracking,1,156,0.6%,8.6
youtuber stickers,1,9,11.1%,12.4
mens microfleece,1,15,6.7%,25.5
yt store,1,68,1.5%,7.8
google beanies,1,17,5.9%,1.8
google acessories,1,17,5.9%,8.3
goigle shop,1,26,3.8%,8.5
google store nearby,1,5,20.0%,13.8
google decals,1,1,100.0%,1.0
f.r.i.e.n.d.s merchandise store,1,2,50.0%,32.0
youtubers webshop,1,4,25.0%,6.5
google returns,1,366,0.3%,7.1
google bikes,1,152,0.7%,5.9
google accesories,1,114,0.9%,8.0
dvg fam.shop,1,332,0.3%,8.9
google merchandise store hours,1,61,1.6%,1.7
merchandise socks,1,32,3.1%,4.9
you tube socks,1,27,3.7%,8.0
kubernetes hoodie,1,19,5.3%,9.7
kubernetes merch,1,19,5.3%,9.3
utility backpacks,1,96,1.0%,5.2
google stylus,1,206,0.5%,8.6
google headquarters store,1,9,11.1%,4.1
google romper,1,3,33.3%,2.7
youtube,1,945,0.1%,30.2
google chrome,1,4163,0.0%,51.3
apparel-store,1,18,5.6%,3.7
shop t shirts online,1,25,4.0%,31.2
youtube shops,1,51,2.0%,3.5
google plex store,1,8,12.5%,4.3
will be shipped within,1,31,3.2%,9.6
that youtube family merch store,1,78,1.3%,8.7
ok google electronic,1,24,4.2%,5.9
google windbreaker,1,6,16.7%,7.0
stylus pen with light,1,48,2.1%,9.5
google shopee,1,5,20.0%,12.8
google shirt design,1,25,4.0%,4.5
chrome//dinosaur,1,95,1.1%,8.5
shop youtubers merch,1,8,12.5%,8.3
google logo backpack,1,9,11.1%,1.0
you tube t shirts,1,19,5.3%,3.7
lifestyle bag,1,2,50.0%,6.5
googlemouse,1,9,11.1%,2.3
dino google,1,173,0.6%,12.7
ronald merch,1,74,1.4%,7.2
mens google,1,23,4.3%,1.5
a for adley merch,1,28,3.6%,10.0
shopby,1,54,1.9%,10.2
discovery jacket price,1,1,100.0%,13.0
merchandise clothes,1,46,2.2%,5.5
youtube pen,1,62,1.6%,7.4
pixel 4 shipping time,1,9,11.1%,2.0
return to google,1,70,1.4%,9.4
does wish deliver to po boxes,1,13,7.7%,3.4
google store shipping carrier,1,43,2.3%,3.8
pen google,1,37,2.7%,6.1
apo shop,1,10,10.0%,9.9
shop with google,1,37,2.7%,9.8
the meme sheep merchandise,1,4,25.0%,10.5
google assistant shirt,1,2,50.0%,10.5
google store change shipping address,1,76,1.3%,8.1
google store package not delivered,1,41,2.4%,8.1
google store in mountain view,1,21,4.8%,6.5
t-shirts & merchandise,1,9,11.1%,7.9
google store online,1,10,10.0%,13.5
गूगल पैड,1,53,1.9%,2.2
merchandise youtuber,1,110,0.9%,8.3
sweat google,1,22,4.5%,2.0
sub2willne merch,1,5,20.0%,9.2
youtube metch,1,22,4.5%,2.1
yputube merch,1,8,12.5%,1.6
timeless youtuber merch,1,17,5.9%,7.4
shop merchandise,1,59,1.7%,6.1
youtube clothing lines,1,14,7.1%,8.4
youtuber laser beam,1,2,50.0%,11.0
golang t shirt,1,38,2.6%,10.2
maze store,1,11,9.1%,43.8
the apparel store,1,53,1.9%,9.7
google swag shop,1,9,11.1%,1.0
dinosaur game,1,576,0.2%,80.0
https/m youtube com store,1,19,5.3%,10.6
thatyoutub3family merch,1,13,7.7%,10.9
lifestyle google,1,20,5.0%,5.3
youtuber t-shirt,1,15,6.7%,7.2
google accessories store,1,27,3.7%,3.9
flamingo hoodie youtube,1,20,5.0%,5.4
apparel orders,1,1,100.0%,12.0
google bicycle,1,718,0.1%,3.3
youtube animator merch,1,28,3.6%,6.0
google goodies india,1,5,20.0%,1.6
youtube store london,1,30,3.3%,9.7
the office merchandise india,1,12,8.3%,18.8
google visitor store,1,10,10.0%,3.0
google caps,1,97,1.0%,4.1
اندرويد شوب,1,3,33.3%,7.7
inverted google,1,33,3.0%,10.2
how to get google developer t shirt for free,1,14,7.1%,11.0
brand youtube,1,65,1.5%,13.8
flat bag,1,63,1.6%,21.1
free google stickers,1,5,20.0%,10.2
tou.tube,1,4,25.0%,29.0
grey hoodie,1,1935,0.1%,12.1
youtube gamer merch,1,45,2.2%,4.2
google merchandise center,1,37,2.7%,9.2
youtube play store,1,1149,0.1%,9.6
google delivery time,1,5,20.0%,2.0
android jacket,1,25,4.0%,7.7
dinosaur chrome,1,611,0.2%,9.1
merch store,1,49,2.0%,14.1
youtube shop london,1,37,2.7%,8.7
merchandise of youtubers,1,18,5.6%,4.1
google shopping refund,1,6,16.7%,8.0
fe4rless merch,1,86,1.2%,10.4
google.shop,1,64,1.6%,7.3
sunglasses google,1,29,3.4%,1.0
angular t shirt,1,5,20.0%,13.8
google kids,1,1245,0.1%,14.9
pen with stylus and light,1,54,1.9%,3.2
google po box,1,7,14.3%,12.7
merchandise online shop,1,1,100.0%,5.0
android fanatic,1,6,16.7%,3.5
try channel merchandise,1,5,20.0%,10.0
firebase t shirts,1,6,16.7%,2.2
google timbuk2,1,7,14.3%,5.4
google returns policy,1,87,1.1%,8.4
google keychains,1,15,6.7%,2.7
merch google,1,63,1.6%,1.0
shop.googlemerchandisestore.com,1,29,3.4%,1.0
google store shipping canada,1,51,2.0%,4.3
men's microfleece jacket,1,17,5.9%,3.0
google cambridge,1,22,4.5%,29.4
google certification,1,1288,0.1%,49.6
youtuber clothing brands,1,173,0.6%,6.3
google store faq,1,15,6.7%,4.1
google zip up,1,6,16.7%,1.8
shop. google,1,18,5.6%,10.4
google store singapore delivery time,1,9,11.1%,6.3
google shop tracking,1,2,50.0%,6.5
google call tee,1,27,3.7%,2.1
android developer t shirt india online,1,11,9.1%,8.5
g_enabled_idps cookie,1,16,6.3%,3.1
robertsonmarketing,1,2,50.0%,15.5
google store order cancelled,1,7,14.3%,12.0
google apperal,1,2,50.0%,1.0
top selling youtuber merch,1,3,33.3%,24.0
google in water,1,11821,0.0%,2.2
ユーチューブ google,1,1,100.0%,15.0
google store .com,1,61,1.6%,6.8
confetti google,1,22,4.5%,3.5
chrome dinausor,1,12,8.3%,8.6
youtube stickers buy online,1,27,3.7%,10.0
google waterbottle,1,21,4.8%,1.0
campus bike,1,100,1.0%,8.4
google gift shop mountain view,1,14,7.1%,3.2
uk youtuber merch,1,27,3.7%,9.7
google tee white,1,8,12.5%,1.0
google logo stickers,1,5,20.0%,3.4
bamboo holder,1,85,1.2%,13.3
youtube brand,1,262,0.4%,10.8
google it certification,1,97,1.0%,32.4
merch kids,1,18,5.6%,5.7
cool chicago shirts,1,3,33.3%,62.0
youtuber clothing,1,60,1.7%,7.3
figure shop,1,21,4.8%,45.6
willne store,1,284,0.4%,8.9
google store returns policy,1,70,1.4%,6.8
baby merchandise,1,125,0.8%,21.5
logo ggo,1,1,100.0%,39.0
google. t,1,41,2.4%,6.9
front bag,1,670,0.1%,2.9
dinousar google,1,10,10.0%,8.1
official youtube store,1,55,1.8%,1.0
youtube stars merchandise,1,31,3.2%,5.8
google store shipment delayed,1,9,11.1%,5.9
tee coral,1,9,11.1%,3.2
google pad,1,1193,0.1%,6.8
how to pack a pen,1,12,8.3%,9.4
black sherpa vest,1,131,0.8%,1.7
google shopping return and refund policy,1,56,1.8%,7.6
google buy,1,64,1.6%,22.5
google it tshirt,1,14,7.1%,2.5
it shirts,1,49,2.0%,45.3
google map socks,1,31,3.2%,8.8
youtube tshirts,1,44,2.3%,3.6
youtuber merchandise store,1,39,2.6%,2.9
google bik,1,5,20.0%,3.0
google store holiday return policy,1,94,1.1%,6.8
google keyring,1,52,1.9%,4.5
chrome :// dino,1,6,16.7%,8.5
how to get a google t shirt,1,42,2.4%,6.4
2pack,1,120,0.8%,18.4
google baseball cap,1,15,6.7%,17.7
by brand,1,418,0.2%,6.6
how long does it take for google to ship a phone,1,5,20.0%,2.4
lapel pin,1,3,33.3%,164.3
youtube poke merch,1,13,7.7%,9.1
google fleece,1,1,100.0%,1.0
flamingo merch store,1,280,0.4%,9.9
led stylus pen,1,11,9.1%,5.2
indian youtubers merchandise,1,9,11.1%,3.8
shrome://dino,1,3,33.3%,7.0
sketch youtube merch,1,27,3.7%,7.7
chrome..//dino,1,104,1.0%,9.0
google swag store,1,115,0.9%,1.0
its just a six merch,1,28,3.6%,6.8
google shopping sign up,1,9,11.1%,15.7
buy merchandise,1,154,0.6%,6.2
flamingo youtuber hoodie,1,16,6.3%,8.7
tshirt sale,1,44,2.3%,40.6
you tube shopping,1,35,2.9%,2.6
dvg fam shop,1,156,0.6%,9.3
merchandise t shirt,1,88,1.1%,9.5
google store log in,1,26,3.8%,6.8
chrome;//dino,1,49,2.0%,10.2
google gear store,1,34,2.9%,1.1
merchandise accessories,1,11,9.1%,2.7
apparal store,1,17,5.9%,3.6
google marchandise,1,40,2.5%,1.1
notebook set,1,246,0.4%,11.7
sorry karen merch,1,8,12.5%,10.0
t shirt merchandising,1,31,3.2%,12.0
google store address,1,12,8.3%,13.6
google thermos,1,22,4.5%,4.3
google t シャツ,1,14,7.1%,1.6
google merchandise account,1,20,5.0%,4.6
socks merch,1,25,4.0%,7.2
google electronic,1,61,1.6%,7.4
googleplex shop,1,9,11.1%,4.3
how to cancel order on google store,1,28,3.6%,9.6
google store,1,1314,0.1%,15.5
google laptop backpack,1,8,12.5%,1.0
apparel,1,4752,0.0%,21.0
google store customer service,1,169,0.6%,9.5
world market ship to canada,1,102,1.0%,9.9
googledinosaur,1,62,1.6%,8.2
ok google t-shirt,1,48,2.1%,1.5
google shirt price,1,12,8.3%,1.0
グーグル tシャツ,1,9,11.1%,5.3
dvgfam merch,1,15,6.7%,9.9
crome dinosour,1,49,2.0%,10.1
google store ship to po box,1,5,20.0%,1.0
google brand,1,187,0.5%,19.4
flutter shirts,1,16,6.3%,5.5
google gift store,1,43,2.3%,4.0
google backback,1,33,3.0%,3.6
does wish ship to apo,1,6,16.7%,5.2
google figure,1,151,0.7%,2.1
google it shirt,1,43,2.3%,2.3
android toys,1,107,0.9%,7.1
youtube gaming t shirt,1,12,8.3%,3.7
cloud swag,1,4,25.0%,8.0
store shirts,1,36,2.8%,8.4
android shirts,1,14,7.1%,2.1
google phone holder,1,32,3.1%,6.1
google youtube me,1,1,100.0%,17.0
canvas bag store,1,1,100.0%,12.0
cancel order google store,1,137,0.7%,10.2
google ahop,1,121,0.8%,8.0
something else yt merch store,1,24,4.2%,8.4
google zip hoodie,1,2,50.0%,1.0
merchandise hoodies,1,59,1.7%,25.6
gloom youtube merch,1,27,3.7%,9.7
youtube or merch,1,60,1.7%,1.9
google bicycle price,1,4,25.0%,9.8
campus collection,1,151,0.7%,8.1
google duffel bag,1,5,20.0%,2.6
dino chrome,1,632,0.2%,22.5
c hoodie,1,13,7.7%,5.3
juneboys merch,1,84,1.2%,5.8
google store. ca,1,1,100.0%,1.0
google dinisor,1,26,3.8%,8.7
android beanie,1,16,6.3%,10.3
google bike shop,1,9,11.1%,4.7
bamboo phone,1,17,5.9%,11.8
grey pullover,1,389,0.3%,7.2
beanie google,1,19,5.3%,1.0
stickers,1,3563,0.0%,55.6
electronic google,1,4,25.0%,6.0
does wish ship to po box,1,19,5.3%,9.3
youtube gaming jacket,1,74,1.4%,7.2
google local guide t shirt 2019,1,18,5.6%,5.5
gcp swags,1,5,20.0%,11.2
men google,1,8,12.5%,8.9
you tube sticker,1,11,9.1%,8.5
merchandise water bottles,1,12,8.3%,7.3
youtube please google,1,108,0.9%,9.7
_dc_gtm cookie,1,7,14.3%,9.6
youtube black shirt,1,19,5.3%,3.2
google t恤,1,8,12.5%,2.6
google merchandise store europe,1,18,5.6%,1.0
google dinasore,1,23,4.3%,6.6
google shopping order did not go through,1,21,4.8%,9.2
google figures,1,56,1.8%,5.5
figure android,1,34,2.9%,7.3
red tee,1,451,0.2%,3.9
google store delayed shipment,1,28,3.6%,7.0
google store track package,1,30,3.3%,5.4
google store near me,1,76,1.3%,8.8
you tube clothes,1,23,4.3%,6.2
utility backpack,1,1156,0.1%,1.7
the minorities youtube merch,1,24,4.2%,6.6
zip hoodie black,1,190,0.5%,2.1
chrome // dino,1,45,2.2%,10.5
how to make youtube merch,1,24,4.2%,11.3
contact google store,1,69,1.4%,10.4
google chrome dino,1,201,0.5%,9.7
fx2 tracking,1,615,0.2%,11.2
tumbler merchandise,1,22,4.5%,8.7
google handbag,1,4,25.0%,3.5
where to buy youtuber merch,1,8,12.5%,9.6
office store,1,368,0.3%,43.8
you tube clothing,1,26,3.8%,4.0
google store tracking,1,26,3.8%,5.2
tee black,1,151,0.7%,5.2
google bike logo,1,1,100.0%,1.0
google intern backpack,1,12,8.3%,3.3
merch yt,1,24,4.2%,3.3
google dino,1,376,0.3%,15.2
bamboo phone stand,1,106,0.9%,2.5
youtube jackets,1,15,6.7%,5.5
google perk,1,5,20.0%,15.6
yoyo google,1,29,3.4%,3.5
youtuber poke merch,1,25,4.0%,10.8
android tshirts,1,9,11.1%,2.1
that youtub3 family merch,1,31,3.2%,10.9
google.merchandise,1,26,3.8%,1.0
me youtuber merch,1,38,2.6%,7.7
google eshop,1,13,7.7%,7.5
dinosour google,1,74,1.4%,7.9
where is a google store,1,2,50.0%,5.0
google sunglasses price,1,35,2.9%,5.3
android mug,1,26,3.8%,1.8
google.merchandise store,1,53,1.9%,2.4
google brand clothing,1,4,25.0%,1.0
ship google,1,20,5.0%,5.5
chrome / / dino,1,4,25.0%,9.5
google long sleeve shirt,1,7,14.3%,1.0
google print t shirt,1,19,5.3%,1.0
hoodie unisex,1,6,16.7%,34.5
youtube onesie,1,21,4.8%,4.6
google t shirts online,1,5,20.0%,1.0
googles shirt,1,6,16.7%,1.0
youtube shop italia,1,25,4.0%,3.1
how to get hey google t shirt,1,38,2.6%,4.7
youtuber jacket,1,10,10.0%,6.2
free google t shirt,1,17,5.9%,4.8
t shirt apparel,1,129,0.8%,13.1
official youtube shop,1,55,1.8%,1.0
youtube merchandise danmark,1,38,2.6%,5.5
youtube t-shirts,1,52,1.9%,5.2
google cloud faq,1,2,50.0%,24.5
jester youtube merch,1,35,2.9%,6.4
//chrome/dino,1,39,2.6%,10.0
google merchandise shop,1,85,1.2%,1.0
merchandise cap,1,6,16.7%,8.8
google android figure,1,20,5.0%,1.8
dvg fam merch,1,509,0.2%,9.9
go merchandise,1,37,2.7%,2.5
youtube stores,1,85,1.2%,3.5
google dinousar,1,50,2.0%,8.5
youtubemerch,1,31,3.2%,4.9
chrome://dino/,1,228,0.4%,10.6
t-shirt apparel,1,10,10.0%,8.5
t shirt android,1,7,14.3%,4.1
google official store,1,110,0.9%,3.8
mmg youtuber merch,1,26,3.8%,5.2
tube shop,1,4,25.0%,7.8
merch store youtube,1,22,4.5%,2.4
gsoc t shirt 2019,1,3,33.3%,6.7
hoodie shopping,1,5,20.0%,36.2
shop google merchandise,1,39,2.6%,1.0
android robot toy,1,33,3.0%,12.3
android hat,1,6,16.7%,4.8
google store delivery uk,1,25,4.0%,6.1
google flutter stickers,1,4,25.0%,10.0